score;nDCG
0; 0.519800
25; 0.519800
50; 0.519800 
75; 0.519800 
100; 0.519800 
125; 0.519800 
150; 0.519800 
175; 0.519800 
200; 0.519800 
225; 0.519800 
250; 0.519800 
275; 0.519800 
300; 0.519651 
325; 0.519651
350; 0.519651 
375; 0.519651 
400; 0.522572 
425; 0.521050 
450; 0.535746 
475; 0.547268 
500; 0.562944 
525; 0.567414 
550; 0.581630 
575; 0.577529 
600; 0.575933 
625; 0.569511
650;0.567926 
675;0.570092 
700;0.570092 
725;0.570092 
750;0.570092 
775;0.570092
